real_time_s,peak_time_s,peak_time_m,peak_time_h,bl_slope,avg_baseline,pk_ht1_hz,pk_ht2_hz,pk_ht3_hz,node_dev_1,node_dev_2,node_dev_mean,avg_pk_ht_hz,mass_pg,pk_fwhm,transit_t,valve_state,pk_order,segment_num
3814808375.88971,44.0082006454468,0.733470010757446,0.0122245001792908,0.000297844039137708,-251.360677668285,15.4954232097368,16.7541064065965,15.6623692860881,-0.197849115310331,-0.303236441069619,-0.250542778189975,15.5788962479125,12.088876494994,111,207,5,2,0
3814808377.05052,45.1690113544464,0.75281685590744,0.0125469475984573,8.67394120254555e-05,-251.193997263481,15.9665007861088,16.2563798350747,15.8254563345409,0.0650224272064564,-0.0395920230981063,0.0127152020541751,15.8959785603248,12.3349253069574,105,205,5,3,0
3814808377.15511,45.2735981941223,0.754559969902039,0.0125759994983673,0.000162492737532213,-251.211356055306,13.5974295592051,14.9513673316323,13.4130815429694,-0.0574254890219278,-0.224776175635103,-0.141100832328515,13.5052555510873,10.4797775010732,110,209,5,4,0
3814808377.75169,45.870178937912,0.764502982298533,0.0127417163716422,6.24934106954418e-05,-251.133862950538,15.4775501928713,16.0445281925401,15.5294462187616,-0.349176794126804,-0.310919256857355,-0.33004802549208,15.5034982058164,12.0303692936905,118,220,5,5,0
3814808378.24506,46.3635568618774,0.772725947697957,0.012878765794966,4.60611038024788e-05,-251.030888640788,14.9061032328133,16.2980006308439,14.8777468520079,-0.1298190211306,-0.209154306526246,-0.169486663828423,14.8919250424106,11.5558021406384,118,219,5,6,0
3814808378.34285,46.4613416194916,0.774355693658193,0.0129059282276365,6.42848718025224e-05,-251.009795658097,6.75733606380547,7.47330973952716,6.93992723388636,-0.00511207186546931,0.0151765888835071,0.00503225850901888,6.84863164884591,5.31438561789635,135,233,5,7,0
3814808378.78126,46.8997504711151,0.781662507851918,0.0130277084641986,7.26267794455923e-05,-250.883574451859,17.511232357746,18.280956181883,17.4400272575536,-0.414427760908246,-0.388326857888317,-0.401377309398282,17.4756298076498,13.5606994908399,118,216,5,8,0
3814808379.10841,47.2268981933594,0.787114969889323,0.0131185828314887,1.32180863453604e-05,-250.837453036453,14.8787939813902,15.1415617222831,15.0268530161031,-0.314121160961174,-0.433846707026031,-0.373983933993602,14.9528234987467,11.6030579863458,135,241,5,9,0
3814808379.46332,47.5818090438843,0.793030150731405,0.0132171691788567,0.000101053325065819,-250.837842979517,14.6403748871082,16.8257186892584,14.76148546185,-0.447961311507119,-0.343616856356409,-0.395789083931764,14.7009301744791,11.407594377209,154,257,5,10,0
3814808379.88349,48.001980304718,0.800033005078634,0.0133338834179772,-1.63915917169117e-05,-250.893980360463,13.8451712688518,14.5348137144735,15.1412310743043,-0.177786395022601,-0.272465721669461,-0.225126058346031,14.493201171578,11.2464012977676,325,448,5,11,0
3814808380.25710,48.3755941390991,0.806259902318319,0.0134376650386386,-8.8227538448317e-05,-250.987728688608,4.98426730573476,5.12445947859833,4.85219005821067,0.0760028478352423,0.0107166892254135,0.0433597685303279,4.91822868197272,3.81643591204173,119,211,5,12,0
3814808380.31454,48.4330325126648,0.807217208544413,0.0134536201424069,-6.87611092033507e-05,-250.995106998904,14.9442170097414,16.0429462867378,14.6693273042885,-0.257628121434437,-0.218100476300664,-0.237864298867551,14.806772157015,11.4897253982069,119,221,5,13,0
3814808380.52275,48.6412417888641,0.810687363147736,0.0135114560524623,-6.99139767122278e-05,-251.036773479048,11.5210918342319,11.643740114992,11.5301868284481,0.0655011766992458,-0.00592933892100643,0.0297859188891197,11.52563933134,8.94363940712966,148,255,5,14,0
3814808381.90748,50.0259711742401,0.833766186237335,0.0138961031039556,-9.56703339820148e-05,-251.371618606041,15.1033027605089,15.3808551879051,15.1824871665184,-0.3088138400488,-0.108472123443658,-0.208642981746229,15.1428949635136,11.7505492094867,121,219,5,15,0
3814808382.89498,51.0134673118591,0.850224455197652,0.0141704075866275,-0.000101443176518606,-251.759879549781,13.4867491277917,13.4874404607635,13.3962067513206,0.128948041138445,0.194425454553541,0.161686747845993,13.4414779395562,10.4302874950627,131,228,5,16,0
3814808383.29055,51.4090464115143,0.856817440191905,0.0142802906698651,-7.42154367092486e-05,-251.977801624437,8.40307726509318,8.39014711929087,8.48567472485453,-0.0042301749458392,0.0650259516753584,0.0303978883647596,8.44437599497385,6.55264768800356,130,228,5,17,0
3814808384.06971,52.188202381134,0.869803373018901,0.0144967228836483,-6.64126063214095e-06,-252.28288537579,14.0763803004929,14.3836115697604,13.886059465837,-0.0572456992348986,0.0657690230149764,0.00426166189003892,13.981219883165,10.8491152214704,134,237,5,18,0
3814808384.29624,52.4147298336029,0.873578830560048,0.0145596471760008,3.7562111112263e-05,-252.311998882639,14.8849300635505,15.417750843102,14.9021047845835,-0.129811286452084,-0.132178252704911,-0.130994769578497,14.893517424067,11.5570377933362,122,223,5,19,0
3814808385.00775,53.1262381076813,0.885437301794688,0.0147572883632448,-0.00012318030707487,-252.803605446996,14.9313988811553,15.0870863497608,14.8867317864699,-0.437204220255372,-0.223313554289105,-0.330258887272239,14.9090653338126,11.5691026249955,134,240,5,20,0
3814808385.05393,53.1724224090576,0.88620704015096,0.0147701173358493,7.83011244962548e-05,-252.847712771263,16.4223149050726,17.6572148331148,16.1656155931506,-0.119185196708893,-0.170574320959762,-0.144879758834328,16.2939652491116,12.6437541129802,123,225,5,21,0
3814808386.18416,54.3026497364044,0.905044162273407,0.0150840693712234,-3.32304739205614e-06,-253.310053409015,13.4962772244876,14.0948601247634,13.5494470423983,-0.266141498439201,-0.217407271499803,-0.241774384969502,13.522862133443,10.4934398168245,122,220,5,22,0
3814808386.73583,54.8543176651001,0.914238627751668,0.0152373104625278,2.90332139135144e-05,-253.618618375645,15.0858129082826,15.6309092451337,15.0588431004132,-0.0773721458083204,-0.0821591365515492,-0.0797656411799348,15.0723280043479,11.6957908209329,120,217,5,23,0
3814808386.88667,55.0051572322845,0.916752620538076,0.0152792103423013,-0.000130063024868128,-253.674359446469,13.5524156065818,13.462961525851,13.4606051352354,-0.149608048179816,0.0254446140483459,-0.0620817170657351,13.5065103709086,10.4807512133056,162,274,5,24,0
3814808389.56969,57.6881821155548,0.961469701925914,0.0160244950320986,-7.84715232144852e-05,-254.49672843945,7.52850807817871,8.2364956748257,7.51435970410464,-0.0195405177642694,0.236467395791724,0.108463439013727,7.52143389114168,5.83646517239357,126,220,5,25,0
3814808389.78300,57.9014954566956,0.965024924278259,0.016083748737971,-0.000109678513744292,-254.6164358581,14.9844079722619,14.9458861706166,14.9671476855663,-0.269254584010397,-0.201117744326584,-0.235186164168491,14.9757778289141,11.6208700352871,141,251,5,26,0
3814808389.95946,58.0779550075531,0.967965916792552,0.0161327652798759,2.30449675176586e-05,-254.691829605259,12.5363762788602,13.9077896060721,12.3274222534257,-0.183402625701724,-0.204991868443672,-0.194197247072698,12.4318992661429,9.64687693113989,157,263,5,27,0
3814808390.26847,58.3869652748108,0.973116087913513,0.0162186014652252,-0.000145147519232985,-254.786746202058,13.0318848662246,13.1870030404776,12.9132428685148,-0.0185965974938028,-0.101165286419883,-0.0598809419568428,12.9725638673697,10.0664206193085,146,251,5,28,0
3814808393.45097,61.5694644451141,1.0261577407519,0.0171026290125317,-2.07954123380459e-05,-255.178810205486,16.0473205376704,17.4181703868893,16.0584217656742,-0.149678958148591,-0.192519980694678,-0.171099469421635,16.0528711516723,12.4566704633278,122,219,5,29,0
3814808395.83544,63.9539346694946,1.06589891115824,0.0177649818526374,2.17855733258259e-05,-255.104245847227,12.5240102750447,13.2601514850786,12.5037090497653,0.0478873705696522,-0.0309664699012386,0.00846045033420677,12.513859662405,9.71047637311099,125,227,5,30,0
3814808398.02897,66.1474621295929,1.10245770215988,0.018374295035998,7.71801958680061e-05,-255.064954501003,14.9493920560855,15.4258663345368,15.0041486376536,-0.12225032964872,-0.12640978907395,-0.124330059361335,14.9767703468696,11.6216402071138,129,228,5,32,0
3814808399.91139,68.0298781394958,1.13383130232493,0.0188971883720822,-9.63329009308201e-07,-255.472336950269,15.0658169923874,16.6771599319307,14.9356935202622,-0.190722497869335,-0.101351203922373,-0.146036850895854,15.0007552563248,11.6402519626281,136,242,5,33,0
3814808405.81473,73.9332232475281,1.2322203874588,0.0205370064576467,-2.3050961921034e-05,-255.444678481469,12.4484245169534,12.7270882434647,12.3889646757277,0.0790540701241994,0.0625440575763739,0.0707990638502866,12.4186945963406,9.6366304014848,140,246,5,34,0
3814808406.33399,74.452479839325,1.24087466398875,0.0206812443998125,-6.86532068930681e-06,-255.404708086735,14.5470150673618,15.524223752743,14.2958701654223,-0.3568963470599,-0.280216619739578,-0.318556483399739,14.4214426163921,11.1907182572429,126,226,5,35,0
3814808406.80026,74.9187557697296,1.24864592949549,0.0208107654915916,-8.96609866690044e-05,-255.470836295852,12.1414847220881,12.1536696775346,12.1696731284209,-0.00588116388076922,-0.0442613191190267,-0.025071241499898,12.1555789252545,9.43245850117554,160,275,5,36,0
3814808409.26467,77.3831577301025,1.28971929550171,0.0214953215916951,0.00065613228570568,-254.987665917667,10.3545669520391,11.4803590937345,10.3660120874626,0.258676685642399,0.146119953251375,0.202398319446887,10.3602895197509,8.03935390951919,145,244,5,37,0
3814808415.75133,83.8698213100433,1.39783035516739,0.0232971725861231,-0.000979992181790038,-246.631532036071,8.58393580507373,9.52524876433845,8.67618035632436,0.383514624695478,0.430910440368253,0.407212532531865,8.63005808069904,6.69673285077403,271,407,4,38,0
3814808416.02093,84.1394193172455,1.40232365528742,0.0233720609214571,-0.000319231935636017,-246.884829973687,14.5607359241683,15.8707448918933,14.5795813830292,-0.184597736359431,-0.388730651551505,-0.286664193955468,14.5701586535987,11.3061185897188,306,464,4,39,0
3814808417.45053,85.5690240859985,1.42615040143331,0.0237691733572218,-0.0118484331398724,-245.056252119787,14.3676298266192,13.9693287893534,14.2539910431692,0.990935034724216,2.33848126897311,1.66470815184866,14.3108104348942,11.104870148544,351,302,4,43,0
3814808417.53845,85.6569452285767,1.42761575380961,0.0237935958968268,-0.00309478888724385,-247.52511021203,16.6123811566209,13.8238567051685,12.2933902352994,-0.627088362652829,-0.631208314728079,-0.629148338690454,14.4528856959602,11.2151173866467,203,327,4,44,0
3814808417.67875,85.7972450256348,1.42995408376058,0.0238325680626763,0.00120997580351683,-247.742030191693,14.7987676256275,15.3842054061983,14.7422079053137,-0.540211154676495,-0.0213741886243296,-0.280792671650412,14.7704877654706,11.4615695185415,99,187,4,45,0
3814808418.10801,86.2265067100525,1.43710844516754,0.023951807419459,-0.000249741632442579,-247.6078511811,4.97274731374715,5.17783941394058,4.87769926293379,0.0854096706584817,-0.220840363850136,-0.0677153465958271,4.92522328834047,3.82186357079016,106,200,4,46,0
3814808418.55393,86.6724264621735,1.44454044103622,0.0240756740172704,-0.000833535509061751,-249.844290301029,21.6789370394831,21.395540729266,21.4451573775933,-0.313788666011741,-0.191177522565782,-0.252483094288761,21.5620472085382,16.7316683759401,67,150,4,49,0
3814808418.57366,86.6921513080597,1.44486918846766,0.0240811531411277,-0.000700014951433798,-250.578489223656,13.6039904883144,12.6610096251503,13.2632695404328,-0.243192546773827,-0.562000094615683,-0.402596320694755,13.4336300143736,10.4241976799203,44,124,4,50,0
3814808418.64691,86.7654004096985,1.44609000682831,0.0241015001138051,-0.00142401529168292,-253.967338997734,4.49599328907573,3.78426283940829,3.78426283940829,1.7062388278556,0,0.853119413927799,4.14012806424201,3.21264716354901,94,184,4,51,0
3814808418.69880,86.8172898292542,1.44695483048757,0.0241159138414595,-0.0147641598831189,-254.401249077211,14.1023261409638,12.963301719812,13.0442292208896,1.58562366993454,1.469298272831,1.52746097138277,13.5732776809267,10.5325611587514,109,201,4,52,0
3814808418.79168,86.9101755619049,1.44850292603175,0.0241417154338625,0.014636260580811,-259.546588211373,14.1401086962811,12.6935223959388,14.4045441440242,-0.1500085140961,-0.361131225658255,-0.255569869877178,14.2723264201526,11.0750074102705,48,127,4,53,0
3814808422.86919,90.9876856803894,1.51646142800649,0.0252743571334415,0.000136887088393783,-247.426323680874,13.9759377054596,15.1572512876447,14.0838997479815,-0.182801837696872,-0.157547305643369,-0.17017457167012,14.0299187267206,10.8869044393858,134,235,5,55,0
3814808423.21961,91.338098526001,1.52230164210002,0.0253716940350003,0.000249279407909576,-247.115164110426,13.2450471123427,13.2634067031424,13.361975671712,-0.164826961126266,-0.154790329042218,-0.159808645084242,13.3035113920273,10.3232285271503,149,262,5,56,0
3814808423.48300,91.6014883518219,1.52669147253037,0.0254448578755061,0.000142022816535373,-246.782944633434,7.94543774819023,7.77982667511038,7.7815828132278,0.20912300069334,0.104178783161476,0.156650891927408,7.86351028070902,6.10190883152873,147,256,5,57,0
3814808424.30891,92.4274036884308,1.54045672814051,0.0256742788023419,4.80870200936459e-05,-246.305684284508,8.39261470187907,9.06479834041715,8.37320616039721,0.176331598197115,0.000786105092705319,0.0885588516449103,8.38291043113814,6.50495177950782,139,243,5,58,0
3814808425.14623,93.2647206783295,1.55441201130549,0.0259068668550915,-2.21165623015838e-05,-245.850417186864,8.17237184046474,8.61440141138929,8.23669087630974,-0.0485797042262077,0.0221365186209011,-0.0132215928026533,8.20453135838724,6.36653359214322,133,236,5,59,0
3814808425.59845,93.7169468402863,1.56194911400477,0.0260324852334128,0.00219615847086626,-245.525237896466,14.5126773443927,15.9430662259356,14.2275507469018,0.271843188767505,0.233439644270846,0.252641416519176,14.3701140456472,11.1508884296014,144,246,5,60,0
3814808425.80994,93.9284343719482,1.56547390619914,0.0260912317699856,6.85067130156018e-05,-245.779188084307,14.4678597809695,14.5345632592404,14.3834145756479,-0.403648234634106,-0.286220764484845,-0.344934499559475,14.4256371783087,11.1939731438635,156,270,5,61,0
3814808425.98570,94.1041929721832,1.56840321620305,0.0261400536033842,-0.000315846667095246,-245.626062368718,6.7947494022602,7.16223263077357,6.71450106167462,0.116304112038283,0.171451649743809,0.143877880891046,6.75462523196741,5.24143873223149,130,230,5,62,0
3814808426.09274,94.2112357616425,1.57018726269404,0.0261697877115674,7.76574607350399e-05,-245.685528307094,9.25851478270772,9.50365423631182,7.86911872559529,-0.252071460896076,-0.631595501732478,-0.441833481314277,8.56381675415151,6.6453310567859,230,333,5,63,0
3814808426.20727,94.3257670402527,1.57209611733754,0.0262016019556257,-2.28682025697581e-05,-245.698593769393,7.5634052677228,7.91741593719111,12.2366944048434,-0.00149624070231707,-0.0383853747219811,-0.0199408077121491,9.90004983628309,7.68221816620345,249,356,5,64,0
3814808426.42204,94.5405271053314,1.57567545175552,0.0262612575292587,1.52890845842428e-05,-245.672103651677,14.3846829874058,16.3345517644817,14.3835291051916,-0.265359597431443,-0.207147937546434,-0.236253767488939,14.3841060462987,11.161745910459,155,265,5,65,0
3814808426.52285,94.6413445472717,1.57735574245453,0.0262892623742421,0.00022146689093311,-245.601648902593,15.4287318879774,16.3775882033297,15.5127203060416,-0.247991727866143,-0.170208414400991,-0.209100071133567,15.4707260970095,12.0049388671992,153,266,5,66,0
3814808427.83418,95.9526693820953,1.59921115636826,0.0266535192728043,-6.11418272116618e-05,-245.479327898793,13.8618133809521,15.781155437216,13.7600243494804,-0.274143808374712,-0.314903036716394,-0.294523422545553,13.8109188652162,10.7169654247074,166,273,5,67,0
3814808428.06041,96.1789047718048,1.60298174619675,0.0267163624366124,-8.64146937265791e-05,-245.414992388213,7.42274786242515,7.96934466400035,7.50463665148456,0.0410232697012543,0.18746515147823,0.114244210589742,7.46369225695486,5.79165895036117,119,215,5,68,0
3814808428.10486,96.2233564853668,1.60372260808945,0.0267287101348241,-8.11494795054861e-05,-245.411389959798,7.5370149393504,8.23827954754668,7.58155614859101,-0.086206703778871,0.0205632370107542,-0.0328217333840584,7.5592855439707,5.86583721190778,131,226,5,69,0
3814808429.06638,97.1848754882812,1.61974792480469,0.0269957987467448,3.46743455205629e-05,-245.374696612351,14.1975186535754,14.2965008468002,14.1730068148669,-0.229558324680374,-0.196275188048891,-0.212916756364633,14.1852627342212,11.007447929183,142,251,5,70,0
3814808429.14702,97.2655146121979,1.6210919102033,0.0270181985033883,-8.13432236227508e-05,-245.408829855875,7.44782435021891,8.44819501701372,7.48093971430315,-0.0253925361543745,0.0373476969260086,0.00597758038581705,7.46438203226103,5.79219420063519,160,266,5,71,0
3814808429.96693,98.085423707962,1.63475706179937,0.0272459510299895,2.39538050161999e-05,-245.392236334008,7.72974502088009,8.16099071629004,7.8429046275918,0.0151478190849942,0.083225930355389,0.0491868747201916,7.78632482423595,6.04201463648024,128,225,5,72,0
3814808430.13897,98.2574641704559,1.63762440284093,0.0272937400473489,-4.44203805555272e-05,-245.391181727372,4.87781813828918,4.8607042227705,4.95153284847107,0.063610034224259,0.190838918491476,0.127224476357868,4.91467549338013,3.81367871683511,146,244,5,73,0
3814808430.81775,98.9362449645996,1.64893741607666,0.0274822902679443,3.78898680838704e-05,-245.336831790648,14.6976470798006,15.1100467631537,14.6463051633606,-0.198889908513056,-0.113941068230912,-0.156415488371984,14.6719761215806,11.385126677062,142,250,5,74,0
3814808430.96764,99.0861306190491,1.65143551031748,0.0275239251719581,4.28925618246339e-05,-245.348356512492,21.6341840469565,23.7778823763428,21.8508875747324,-0.154009420187966,-0.0891929860367671,-0.121601203112366,21.7425358108444,16.8717235112534,142,252,5,75,0
3814808432.47176,100.590253829956,1.67650423049927,0.0279417371749878,-0.000100942573856514,-245.211860672205,15.2438402130455,15.4304483675671,15.142322630754,-0.27112507558513,-0.197105112727811,-0.234115094156471,15.1930814218997,11.7894927833764,160,274,5,76,0
3814808434.22179,102.340278148651,1.70567130247752,0.028427855041292,2.61196253904419e-05,-245.242164702599,17.0261996605829,17.1098420776176,16.8325948251828,-0.0120103690351168,-0.0320832055164668,-0.0220467872757918,16.9293972428828,13.136835186981,179,298,5,77,0
3814808434.30596,102.42444896698,1.70707414944967,0.0284512358241611,7.25508089512492e-05,-245.242118790194,8.68797943420374,9.14494644994786,8.79181381806854,0.0872744549067552,0.0668878771228474,0.0770811660148013,8.73989662613614,6.78196511556665,163,276,5,78,0
3814808435.16230,103.280787706375,1.72134646177292,0.0286891076962153,0.000132745302206355,-245.168558141946,14.81792899582,15.3138571979772,14.7509928589932,-0.200739480248096,0.0160526931427912,-0.0923433935526523,14.7844609274066,11.4724123809755,154,263,5,79,0
3814808435.75929,103.877784490585,1.73129640817642,0.0288549401362737,1.80502030478457e-05,-245.099018265391,7.84406560435737,8.1777096258451,7.89408237929927,-0.0499576428617897,0.0313879220544784,-0.00928486040365565,7.86907399182832,6.10622614743512,154,257,5,80,0
3814808437.30774,105.426230430603,1.75710384051005,0.0292850640085008,-1.74304731133222e-05,-245.039667465416,14.9859971784152,15.6143454176831,14.9067477228437,-0.179271222051048,-0.126705801877494,-0.152988511964271,14.9463724506295,11.5980521166929,160,270,5,81,0
3814808438.04435,106.162838459015,1.76938064098358,0.0294896773497264,1.703719504521e-06,-245.057256248902,10.7891648466518,11.5095825913313,10.5944375497445,0.115911919264061,0.0473679504193576,0.0816399348417091,10.6918011981982,8.29659958813615,151,257,5,82,0
3814808438.12465,106.243137836456,1.77071896394094,0.029511982732349,-9.95292052472215e-06,-245.036284345777,8.31060378626334,9.02918378155656,8.13601464475062,-0.0308327296987958,0.0623681447110477,0.015767707506126,8.22330921550698,6.38110479102335,157,262,5,83,0
3814808440.10971,108.228199481964,1.8038033246994,0.03006338874499,-2.56782087720304e-06,-244.887678092328,17.9864428999468,19.6060234673259,17.885253734099,-0.105448366719786,-0.174924582269506,-0.140186474494646,17.9358483170229,13.9178188035298,157,267,5,84,0
3814808440.40263,108.52111697197,1.80868528286616,0.030144754714436,-4.75049395986532e-05,-244.869257033167,9.6117872628058,10.1365924297721,9.58644017012381,0.0785901719782666,-0.0265504805829474,0.0260198456976596,9.5991137164648,7.44869844006409,151,256,5,85,0
3814808441.37180,109.490291833878,1.82483819723129,0.0304139699538549,2.69932884742697e-05,-244.781949464171,14.731985963954,16.5300568272397,14.7620994254721,-0.0416027601473177,-0.132090363195928,-0.086846561671623,14.7470426947131,11.4433766658327,164,274,5,86,0
3814808441.74401,109.862504243851,1.83104173739751,0.0305173622899585,2.28072448122329e-05,-244.763058349844,12.8184696051825,14.2319777022632,12.8119516696578,0.0818098870744929,-0.0390124319044122,0.0213987275850403,12.8152106374202,9.94431801764292,176,289,5,87,0
3814808442.44711,110.565597295761,1.84275995492935,0.0307126659154892,0.000286446792503544,-244.629446476434,10.5330250900749,10.3950515876622,10.4763561306231,-0.778462760737543,-0.345241212826061,-0.561851986781802,10.504690610349,8.15140593953496,183,299,5,88,0
3814808442.56514,110.683629512787,1.84472715854645,0.0307454526424408,0.000175320310799805,-244.61006891642,11.0778530630676,12.2105470930447,11.0520018618353,0.0822398072789377,0.0493643817878474,0.0658020945333926,11.0649274624514,8.58613725844452,162,278,5,89,0
3814808442.70639,110.824880599976,1.84708134333293,0.0307846890555488,0.000174033809476001,-244.60166376096,7.99134676960736,8.68005620364218,8.16352580860918,0.130791013095301,0.176028788182465,0.153409900638883,8.07743628910827,6.267910649209,160,263,5,90,0
3814808443.03639,111.154880523682,1.85258134206136,0.0308763557010227,-8.05451012159875e-05,-244.613621877145,4.86898543565147,4.99980230440403,4.78344834608574,0.0179368762774247,0.0110247395006609,0.0144808078890428,4.8262168908686,3.74503681155091,176,269,5,91,0
3814808444.07186,112.190347909927,1.86983913183212,0.0311639855305354,8.11175422938228e-05,-244.565755060618,15.0006886765106,16.641315093958,15.0118164569091,-0.328664554487214,-0.223027476052364,-0.275846015269789,15.0062525667099,11.6445177530437,168,279,5,92,0
3814808444.11785,112.236344099045,1.87060573498408,0.0311767622497347,0.000934600697752173,-244.378659365058,15.9810325570035,18.0623376350864,15.9672113128542,-0.207602739391391,-0.0565122718984529,-0.132057505644922,15.9741219349289,12.3955628251396,179,296,5,93,0
3814808444.80694,112.925436973572,1.8820906162262,0.0313681769371033,0.00020953113536154,-244.454005250695,14.763860301158,15.9760126736448,14.9070358606349,-0.237957115108954,-0.294624770708973,-0.266290942908963,14.8354480808965,11.5119772764316,177,289,5,94,0
3814808446.63483,114.753321409225,1.91255535682042,0.0318759226136737,3.10869353008284e-05,-244.413401230456,14.7356385489122,16.8305125422246,14.6295509769099,-0.223967095467429,-0.257027973673083,-0.240497534570256,14.6825947629111,11.3933665062223,208,335,5,95,0
3814808447.71317,115.831660032272,1.93052766720454,0.0321754611200756,0.00337276541871817,-243.498584475198,13.5145022789779,14.9279066386115,16.434166646473,0.477516713424392,-1.34325544790339,-0.432869367239497,14.9743344627255,11.6197500152732,157,251,5,96,0
3814808447.98810,116.106587648392,1.93510979413986,0.032251829902331,4.32335411193815e-05,-244.271575297448,13.5700123065694,15.328380060242,13.6312402538374,-0.263245782335969,-0.201604550309845,-0.232425166322907,13.6006262802034,10.5537830626467,163,272,5,97,0
3814808448.62882,116.747316837311,1.94578861395518,0.0324298102325863,3.56864688552983e-05,-244.208965245919,7.47206473037895,7.91544955110678,7.65249858737874,0.00797591382719819,0.0537846049049718,0.030880259366085,7.56228165887885,5.86816213034314,136,242,5,98,0
3814808448.90060,117.019091367722,1.95031818946203,0.0325053031577004,0.000321030439773074,-244.156552291168,7.30002055849998,7.95487325131084,7.37459563630076,0.171018431208336,-0.0218781587507975,0.0745701362287694,7.33730809740037,5.69358765753884,140,247,5,99,0
3814808449.34369,117.462183237076,1.95770305395126,0.0326283842325211,7.75499679849982e-05,-244.154363602656,8.07816695176532,8.54127502944979,8.0934308471309,-0.0016600521559484,0.15710002149198,0.0777199846680158,8.08579889944811,6.2743998485698,143,245,5,100,0
3814808449.47525,117.593742847443,1.95989571412404,0.0326649285687341,3.09281272234545e-05,-244.147185906167,4.82999367355985,5.06032253730795,4.76942576867687,0.00676466689595565,0.11996155170906,0.063363109302508,4.79970972111836,3.72446783822679,138,233,5,101,0
3814808453.23544,121.353934764862,2.02256557941437,0.0337094263235728,-6.92515469476444e-06,-243.976153814621,15.6148009540088,17.7829100951465,15.7349985161387,-0.363565500710667,-0.458647957350431,-0.411106729030549,15.6748997350738,12.163373062717,179,292,5,103,0
3814808453.43874,121.557233810425,2.02595389684041,0.0337658982806736,6.75040441814793e-05,-243.963176503022,8.04051551235514,8.70288033183635,7.92832109676599,-0.0149136356040304,0.113647050549989,0.0493667074729793,7.98441830456057,6.19573076501719,146,248,5,104,0
3814808453.90548,122.02397608757,2.03373293479284,0.0338955489132139,1.06147682846629e-05,-243.950943120334,10.754312164498,11.7261125795098,10.6791160098497,-0.154511732635647,-0.0807873632881351,-0.117649547961891,10.7167140871739,8.31593143508911,151,256,5,105,0
3814808454.08173,122.200219631195,2.03667032718658,0.0339445054531097,0.000128610804752193,-243.925299409596,7.33257953282851,7.5749550848535,7.31448949972455,-0.0744364226925163,0.0874605821773462,0.00651207974241495,7.32353451627653,5.6828996653698,135,239,5,106,0
3814808454.31866,122.437153339386,2.0406192223231,0.0340103203720517,3.26412616957437e-05,-243.898404539624,15.49123475909,17.1887637290784,15.2618707957093,-0.361389048902176,-0.289800056631862,-0.325594552767019,15.3765527773997,11.9318624687323,162,276,5,107,0
3814808454.47448,122.592974424362,2.04321624040604,0.0340536040067673,-6.09066930832706e-05,-243.873601136352,14.2954565236257,13.3799991168638,14.2738735622647,-0.366615373603874,-0.407301587620845,-0.386958480612359,14.2846650429452,11.0845819067357,217,341,5,108,0
3814808455.16074,123.279233217239,2.05465388695399,0.0342442314492332,5.3172333387361e-05,-243.863331296885,12.7175780028869,13.4327949669244,12.6236027270096,-0.075367995355714,-0.242042571010806,-0.15870528318326,12.6705903649483,9.83209590737504,166,277,5,109,0
3814808457.00605,125.12454199791,2.08540903329849,0.0347568172216415,0.00317144965868084,-243.122867427535,14.4821193781579,15.424807162508,14.1316544261623,0.582669255559147,0.848944390513509,0.715806823036328,14.3068869021601,11.1018255745324,161,270,5,111,0
3814808457.44994,125.568428993225,2.09280714988709,0.0348801191647847,4.88921376420445e-05,-243.798902451288,10.0573638491528,11.0968166461242,10.0532466309936,0.0490138120322318,-0.0477776448411865,0.000618083595522682,10.0553052400732,7.80269290149482,155,264,5,112,0
3814808457.92508,126.043574571609,2.10072624286016,0.0350121040476693,0.000129442443193852,-243.746664318404,12.6037336370697,13.1330854174046,12.5167183343072,0.0636580380125428,-0.000482797768902837,0.03158762012182,12.5602259856884,9.74645560724804,145,258,5,113,0
3814808472.54813,140.666622877121,2.34444371461868,0.0390740619103114,0.000109766732020476,-242.667365764133,15.5487911653076,16.1582594096863,15.220199207021,-0.372332712344749,-0.368813965949514,-0.370573339147131,15.3844951861643,11.9380256010301,130,234,5,115,0
3814808472.79125,140.909739971161,2.34849566618602,0.0391415944364336,4.73041427850333e-05,-242.544887400296,15.2345951325165,16.3741339265346,15.1594594437641,-0.109568940811289,-0.312397929088932,-0.210983434950111,15.1970272881403,11.7925546876916,128,237,5,117,0
3814808472.91431,141.03280210495,2.35054670174917,0.0391757783624861,0.000120874227133969,-242.436695558249,7.44517013720055,8.25824498830166,7.56279202074504,0.0482775488177805,0.078648733959388,0.0634631413885843,7.5039810789728,5.82292217888219,131,226,5,118,0
3814808473.27240,141.390890598297,2.35651484330495,0.0392752473884159,0.000106446267147328,-242.247741254482,15.2733525228685,17.226341974854,15.2650369224867,-0.398492353921033,-0.222813071695829,-0.310652712808431,15.2691947226776,11.8485550094859,153,261,5,119,0
3814808473.52229,141.640778064728,2.36067963441213,0.0393446605735355,-2.18599202930509e-05,-242.135333549511,7.59838900829826,8.19696232398937,7.64758186484669,0.117105191270294,0.0148455861488335,0.0659753887095638,7.62298543657247,5.91526690976011,132,228,5,120,0
3814808473.64896,141.767451763153,2.36279086271922,0.039379847711987,5.16699003105743e-05,-242.058744851841,7.20392546498823,7.3179861292513,7.14504951628505,-0.0656764768872449,-0.0570474432214833,-0.0613619600543641,7.17448749063664,5.56724249324195,130,227,5,121,0
3814808474.10917,142.227665424347,2.37046109040578,0.0395076848400964,9.36580432407827e-06,-241.912983735123,3.11563974480923,3.25437418441755,2.98532543339049,0.0124952545794776,0.00563884557168895,0.00906705007558326,3.05048258909986,2.3671065448362,121,200,5,122,0
3814808474.31886,142.437351226807,2.37395585378011,0.0395659308963352,9.91046763345499e-05,-241.821269437282,10.8696702574717,11.7058953903964,10.8052325554537,0.158196998427199,0.0794335309594655,0.118815264693332,10.8374514064627,8.40962090563906,126,227,5,123,0
3814808474.75238,142.870871305466,2.38118118842443,0.0396863531404071,-0.000188744484066336,-241.681058705177,15.322962428056,17.1517383377568,15.1579388141757,-0.137396742638946,-0.330461088228839,-0.233928915433892,15.2404506211158,11.8262502268999,155,265,5,124,0
3814808474.97045,143.088945388794,2.3848157564799,0.039746929274665,0.00010825535972414,-241.696547290126,13.006975400785,13.5362996362655,12.8364158690866,-0.110448511286421,-0.0432720534866073,-0.0768602823865143,12.9216956349358,10.0269480039431,124,225,5,125,0
3814808475.02938,143.147869110107,2.38579781850179,0.0397632969750298,-3.70326135337977e-05,-241.687394252842,14.022134668501,15.4572804600205,14.2381710750529,0.0126438403358804,0.0407357376076615,0.026689788971771,14.130152871777,10.9646839034046,130,232,5,126,0
3814808475.20886,143.327348709106,2.38878914515177,0.0398131524191962,0.000152320170181232,-241.605094934781,7.04785695360415,7.30048307208829,7.19332985596099,0.0876821801980943,0.059048888207656,0.0733655342028752,7.12059340478257,5.52542188301818,124,214,5,127,0
3814808475.38471,143.503197669983,2.39171996116638,0.039861999352773,5.12103953941403e-05,-241.570946231308,8.71539022958234,9.2638382547677,8.46965096925539,0.00869902904282809,0.256431244431552,0.13256513673719,8.59252059941887,6.66760460138409,132,237,5,128,0
3814808475.50322,143.621707439423,2.39369512399038,0.0398949187331729,0.000112844099144258,-241.516665163199,11.6923977847523,12.9703572154012,11.6297243192288,0.190662787021896,0.0637238823249767,0.127193334673436,11.6610610519906,9.04872364606627,156,263,5,129,0
3814808475.56110,143.679592609406,2.39465987682343,0.0399109979470571,0.000132129564978595,-241.529289434818,14.3058427237174,15.6150088429858,14.2872704629753,-0.104106410392461,-0.273355002875477,-0.188730706633969,14.2965565933463,11.0938094849829,129,235,5,130,0
3814808475.71341,143.831904172897,2.39719840288162,0.0399533067146937,2.90825150736367e-05,-241.497149261783,7.89237021038673,8.52551829324861,7.83604966781456,0.143155572223057,0.126936624609726,0.135046098416391,7.86420993910065,6.10245175085694,133,228,5,131,0
3814808475.92507,144.043560028076,2.40072600046794,0.0400121000077989,0.000284574462565227,-241.426580742185,14.3311796128403,15.4938623912604,14.0715348075726,-0.257896807222117,-0.193300303273131,-0.225598555247624,14.2013572102064,11.0199368840705,128,230,5,132,0
3814808477.34757,145.466061353683,2.42443435589472,0.0404072392649121,-2.08017786040376e-05,-241.265115712854,7.3792707609179,7.91877346861403,7.61497962833624,-0.00311500007401877,0.0204316707780606,0.00865833535202092,7.49712519462707,5.81760216533305,133,229,5,133,0
3814808477.57243,145.69092130661,2.42818202177684,0.0404697003629473,-4.11527665531242e-05,-241.22759270468,7.66541211549496,8.47605716672196,7.71770311897249,-0.107829707721506,-0.00186514334624478,-0.0548474255338752,7.69155761723373,5.96847739462469,135,233,5,134,0
3814808477.74714,145.865630149841,2.43109383583069,0.0405182305971781,4.16411605659427e-05,-241.200374276794,14.9074521952944,15.62581312949,14.8145877875476,-0.0884629201824511,-0.143924247973828,-0.11619358407814,14.861019991421,11.5318205094279,127,227,5,135,0
3814808477.89807,146.016566514969,2.43360944191615,0.0405601573652691,8.022586696658e-05,-241.168130355844,13.9087010758256,14.9202866215119,13.8002109558836,-0.154449263711321,-0.155942984979806,-0.155196124345564,13.8544560158546,10.7507492838869,130,233,5,136,0
3814808478.44508,146.563575029373,2.44272625048955,0.0407121041748259,1.39841121368049e-05,-241.137914878227,15.5593455508079,16.7786846219412,15.5766685848923,-0.0811841406685027,-0.0690098921442677,-0.0750970164063852,15.5680070678501,12.0804267338035,135,237,5,137,0
3814808478.85996,146.978453874588,2.4496408979098,0.0408273482984967,-0.000226751375181289,-241.063771523005,13.6956808712764,15.0644905141349,13.676414607457,-0.367719484352165,-0.332278017786012,-0.349998751069089,13.6860477393667,10.6200682123399,131,232,5,138,0
3814808479.00486,147.123353481293,2.45205589135488,0.040867598189248,-6.39238530818221e-05,-241.068817396368,15.1880186686797,16.091272730799,15.0879900034958,-0.230844206826903,-0.309626532480557,-0.27023536965373,15.1380043360877,11.7467541915346,142,249,5,139,0
3814808479.18704,147.305528879166,2.45509214798609,0.0409182024664349,-5.67179431113185e-05,-241.068982949476,7.28979092132683,8.04993889854875,7.28889204541816,-0.0143569595568067,-0.0683626667050883,-0.0413598131309475,7.2893414833725,5.65636663342786,151,258,5,140,0
3814808479.39151,147.510002851486,2.45850004752477,0.0409750007920795,-0.000194540873825461,-241.048105358491,14.8294667064392,16.3389024084556,15.1009800817373,-0.171216551619857,-0.351049917845502,-0.26113323473268,14.9652233940882,11.6126800289443,137,246,5,141,0
3814808479.93242,148.050914525986,2.46751524209976,0.041125254034996,-3.21549073075236e-05,-241.014769361319,14.7910746189618,15.8428093741715,14.8525514559412,-0.252693784613003,-0.26586643309459,-0.259280108853796,14.8218130374515,11.5013967864156,134,238,5,142,0
3814808480.77708,148.895573377609,2.48159288962682,0.0413598814937804,0.00011407392346013,-240.958684379328,7.32270661419437,7.56006159215285,7.19344913502804,0.0684903150933971,-0.00855889597418701,0.0299657095596051,7.25807787461121,5.63210676937275,126,228,5,143,0
3814808480.85303,148.971524715424,2.48285874525706,0.0413809790876177,-7.20707745845445e-05,-240.970780960886,12.9280821622577,14.0278556919414,13.1346498699172,-0.15172443768413,-0.0311170380566857,-0.091420737870408,13.0313660160875,10.1120497769958,132,231,5,144,0
3814808481.19311,149.311606168747,2.48852676947912,0.0414754461579853,2.15589597023922e-05,-240.954545029387,8.0380004797869,9.01446450658151,8.17496185346922,-0.075891566696942,0.133109289636844,0.0286088614699508,8.10648116662806,6.29044882723916,157,262,5,147,0
3814808481.35308,149.471573114395,2.49119288523992,0.0415198814206653,2.3757956971673e-05,-240.936946394992,14.0919643971141,15.8027804866726,14.1543860107242,0.214600599799197,0.386079027080842,0.300339813440019,14.1231752039191,10.9592693885626,177,295,5,148,0
3814808481.69797,149.816458940506,2.49694098234177,0.0416156830390294,2.56810383602037e-05,-240.910452138293,7.90598720443828,8.89763876852879,8.02065469727368,0.0536479844438036,0.0595620122123751,0.0566049983280894,7.96332095085598,6.17935968845006,161,271,5,149,0
3814808482.44168,150.560171127319,2.50933618545532,0.0418222697575887,-0.00236211245782567,-239.871814272045,20.737887530397,14.7376097438927,12.9645585414509,0.649470597449878,1.43087192119794,1.04017125932391,16.851223035924,13.0761737435782,388,536,5,151,0
3814808482.76314,150.881636142731,2.51469393571218,0.041911565595203,4.09749232647734e-05,-240.831205514039,14.7563107533001,16.2257851089957,14.8242989004181,-0.0534201991883873,-0.0512920124631465,-0.0523561058257669,14.7903048268591,11.4769471167877,142,250,5,152,0
3814808482.83430,150.952795028687,2.51587991714478,0.0419313319524129,-1.6706328552775e-05,-240.8366575497,15.7655995424217,17.5642009443012,15.8017876331948,-0.268555898587755,-0.415771485485097,-0.342163692036425,15.7836935878083,12.2477946692411,163,278,5,153,0
3814808483.26073,151.379225254059,2.52298708756765,0.0420497847927941,-7.34735870807009e-05,-240.855514699874,26.9465466868679,29.7572724920672,26.8352752402243,-0.103890280193866,0.00978752777835304,-0.0470513762077563,26.8909109635461,20.8667479584601,154,267,5,154,0
3814808483.30145,151.419940471649,2.52366567452749,0.0420610945754581,-9.5862033960203e-06,-240.850914461839,8.72417880013692,9.47076704944626,8.67578323866467,0.0394106091055063,0.0418340391332331,0.0406223241193697,8.69998101940079,6.7509914937922,141,241,5,155,0
3814808483.57333,151.691822767258,2.52819704612096,0.0421366174353494,-6.03923398180604e-06,-240.786972241244,16.0754842835922,17.8094615986415,16.0531756151725,-0.0193193821615137,0.0570890739950026,0.0188848459167445,16.0643299493824,12.4655622351255,153,266,5,156,0
3814808484.50941,152.627898216248,2.54379830360413,0.0423966383934021,6.01551608504548e-05,-240.773832077425,15.8049329866883,17.4417441877559,15.7491483835292,-0.320574426252925,-0.23114193231602,-0.275858179284472,15.7770406851088,12.2426321649284,146,255,5,157,0
3814808484.63626,152.754755735397,2.54591259558996,0.0424318765931659,5.68679617938635e-05,-240.770219906383,14.1530024058036,15.2925663350103,14.0093270813071,-0.134816354235105,-0.101041079017498,-0.117928716626301,14.0811647435554,10.9266702070318,139,247,5,158,0
3814808484.83681,152.955305337906,2.5492550889651,0.042487584816085,-8.44688360266556e-05,-240.776086338134,14.1532319135378,15.571516361359,14.0192762774048,0.0710558774226497,0.095901688571833,0.0834787829972414,14.0862540954713,10.9306194307619,151,260,5,159,0
3814808485.10639,153.224877357483,2.55374795595805,0.0425624659326341,4.28094998496414e-05,-240.773171008175,8.69570257780881,9.6733866419016,8.75316835951406,0.184697317446801,0.165450360210384,0.175073838828593,8.72443546866143,6.76996760173724,147,250,5,160,0
3814808485.63647,153.754961967468,2.5625826994578,0.0427097116576301,-7.25719248882682e-06,-240.776134199759,14.7945265771149,16.4736334663407,14.8378033812028,-0.476881199895667,-0.280333975336921,-0.378607587616294,14.8161649791589,11.4970140189814,138,243,5,161,0
3814808485.66640,153.784896850586,2.56308161417643,0.0427180269029405,3.04127747669959e-05,-240.781889430731,12.2371047505793,13.512800093197,12.0637464419696,-0.0214406942662617,0.0361005743533582,0.00732994004354822,12.1504255962744,9.42845963266862,155,264,5,162,0
3814808486.81089,154.929386854172,2.58215644756953,0.0430359407928255,4.40758420263905e-05,-240.76674842878,12.4580769413412,13.4003061000459,12.3516202105385,0.135640676977265,0.250151144167622,0.192895910572443,12.4048485759398,9.62588619805035,148,257,5,163,0
3814808487.81367,155.9321641922,2.59886940320333,0.0433144900533888,0.00141222541275783,-240.410347357559,14.6085971387136,16.320496380026,14.2941436147274,0.41068749723444,0.414304003709361,0.4124957504719,14.4513703767205,11.2139415326678,176,285,5,164,0
3814808488.58094,156.699427127838,2.6116571187973,0.0435276186466217,4.62958170393147e-05,-240.720255453391,13.4401132345433,15.1883391456765,13.5287775613137,-0.287911470168253,-0.184229788841803,-0.236070629505028,13.4844453979285,10.4636292857327,178,292,5,165,0
3814808488.70996,156.828449010849,2.61380748351415,0.0435634580585692,2.26684528130251e-06,-240.714345969099,16.8757447331673,19.1778890232552,16.7809318452367,0.307952903274887,0.294443096526218,0.301197999900552,16.828338289202,13.0584156898408,193,317,5,166,0
3814808488.86626,156.984755992889,2.61641259988149,0.0436068766646915,8.30457978671298e-05,-240.707340712468,10.2807970773871,11.3138964344509,10.3587137911912,0.149784466952243,0.0372529442398078,0.0935187055960255,10.3197554342891,8.00790036202862,151,263,5,167,0
3814808488.97173,157.090221405029,2.61817035675049,0.0436361726125081,4.3549364132577e-05,-240.691078217091,15.6570712157377,17.2286636379766,15.5540676108098,-0.180514225232862,-0.182161548098919,-0.18133788666589,15.6055694132738,12.109574277215,144,250,5,169,0
3814808489.27310,157.39158821106,2.62319313685099,0.0437198856141832,-7.96482712326607e-05,-240.675193590937,7.75841684332369,8.49076124720195,7.75371871202867,0.0562257268664998,0.0764146155191225,0.0663201711928112,7.75606777767618,6.01853584227405,155,258,5,170,0
3814808489.45082,157.569315433502,2.62615525722504,0.0437692542870839,4.67178465799974e-05,-240.682298201656,15.6408844661632,17.6566664299045,15.6581420201151,0.238690517465937,0.24663463045469,0.242662573960313,15.6495132431392,12.1436737104166,193,316,5,171,0
3814808490.93810,159.056593418121,2.65094322363536,0.0441823870605893,5.58122330815492e-06,-240.633431637575,5.92211221724381,6.2499446891033,5.80788664571968,0.202666605095361,0.151921589289318,0.177294097192339,5.86499943148175,4.55110892595446,140,238,5,172,0
3814808491.17004,159.288536548615,2.65480894247691,0.0442468157079485,-8.09806822547e-05,-240.618236641935,15.0463292123001,16.6382187380598,14.8556269542542,-0.104278510310046,-0.118568505243857,-0.111423507776952,14.9509780832772,11.6016259850449,144,249,5,173,0
3814808492.32800,160.44649720192,2.67410828669866,0.0445684714449777,4.99786330073841e-05,-240.546522266314,10.2310152936553,10.6068663821166,10.2213885723518,0.0327513669056886,0.0468631608065389,0.0398072638561137,10.2262019330036,7.93530492877597,146,252,5,174,0
3814808492.88111,160.999603271484,2.68332672119141,0.0447221120198568,7.91313284725887e-05,-240.530310101947,7.74967800567704,8.58854377933453,7.77322128312279,0.0347628357641614,0.0639648905222302,0.0493638631431958,7.76144964439991,6.02271205097975,160,269,5,175,0
3814808493.03293,161.151417732239,2.68585696220398,0.0447642827033997,2.43129202656733e-06,-240.52206821275,13.8654254366089,14.2815290056801,13.8996487094778,0.077351283342947,0.0466972697009943,0.0620242765219706,13.8825370730433,10.7725395588076,147,262,5,176,0
3814808493.29219,161.410684108734,2.6901780684789,0.044836301141315,7.55133525873131e-05,-240.504987782829,7.72216625064801,8.52400066080722,7.62670792421307,-0.0112811328729432,-0.00719678431382384,-0.00923895859338351,7.67443708743054,5.95519224482806,161,262,5,177,0
3814808494.54534,162.66383600235,2.7110639333725,0.0451843988895416,8.62095665560691e-05,-240.493102990009,15.2955499737167,16.8246401053349,15.3971312646402,-0.321568692760186,-0.316664622874352,-0.319116657817269,15.3463406191784,11.908418506877,154,267,5,178,0
3814808495.06129,163.179782152176,2.7196630358696,0.0453277172644933,1.08399095806567e-05,-240.435706850794,5.22552213046204,5.47117766416901,5.11540011981253,0.0400066028846398,0.0547701731195582,0.047388388002099,5.17046112513728,4.01216266988927,171,271,5,179,0
3814808495.16105,163.279538393021,2.72132563988368,0.0453554273313946,-0.00794809610740068,-239.037106643119,19.1386443462752,15.7531561219587,14.3748648435096,-0.936146786868885,1.08798850092536,0.0759208570282358,16.7567545948924,13.0028683374614,137,243,5,180,0
3814808495.59368,163.712171316147,2.72853618860245,0.0454756031433741,1.26659667368547e-06,-240.435254812282,14.0816565369512,15.4088202196619,14.1665077453399,-0.210365381371539,-0.115631628937213,-0.162998505154376,14.1240821411455,10.9599731516498,135,239,5,181,0
3814808495.65199,163.770481824875,2.72950803041458,0.0454918005069097,-2.40083939415335e-05,-240.404693689681,12.9462752326262,14.2753325351122,12.8239753138704,-0.0580473382309488,-0.0467284821663575,-0.0523879101986531,12.8851252732483,9.99857021781611,144,250,5,182,0
3814808496.44100,164.559493541718,2.74265822569529,0.0457109704282549,-5.89077650149741e-05,-240.413959832807,14.2575185082179,15.5191152308718,14.2335666933095,-0.307525582273548,-0.122808317352038,-0.215166949812793,14.2455426007637,11.0542237629886,136,241,5,183,0
3814808496.67901,164.797501325607,2.74662502209345,0.0457770837015576,2.81566666977298e-05,-240.414382961311,13.6595776145049,14.7952188073185,13.4383082457082,-0.169011543568684,-0.381120885386284,-0.275066214477484,13.5489429301066,10.5136779341302,139,245,5,184,0
3814808496.97181,165.090302467346,2.75150504112244,0.0458584173520406,2.1942075832472e-05,-240.400380702025,14.0404691900219,15.6530931886578,13.993236833542,-0.198107225721709,-0.287516291132516,-0.242811758427112,14.0168530117819,10.8767657356099,160,271,5,185,0
3814808498.01465,166.133139848709,2.76888566414515,0.0461480944024192,-2.49962624277175e-05,-240.389088012209,14.3344725325325,15.0738313340741,14.3840838933711,-0.134290078778753,-0.286958165197208,-0.21062412198798,14.3592782129518,11.1424800647795,140,250,5,186,0
3814808498.20058,166.319068193436,2.77198446989059,0.0461997411648432,0.000344902570665374,-240.331822136757,10.4277449634267,11.3499394209312,10.4715178787164,0.0746023003440863,0.167354914080579,0.120978607212332,10.4496314210715,8.10868123500531,154,263,5,187,0
3814808499.08563,167.204126358032,2.78673543930054,0.046445590655009,-2.36226898024179e-05,-240.349840896563,8.8358233023806,9.2388827462417,8.7046370084195,0.011087011481777,-0.0634622654505078,-0.0261876269843654,8.77023015540005,6.80550325864774,149,260,5,188,0
3814808500.38582,168.504307508469,2.80840512514114,0.0468067520856857,1.43856385393998e-06,-240.318792247533,7.13747366600051,7.86842283510073,7.24564053758777,0.118729270221423,-0.0237485332625181,0.0474903684794524,7.19155710179414,5.58048813130364,155,260,5,190,0
3814808500.50486,168.623356580734,2.81038927634557,0.0468398212724262,-1.42033749164478e-05,-240.336381955756,14.2588941631649,15.6596465464398,14.1663442046126,-0.33272412431191,-0.220982663699087,-0.276853394005499,14.2126191838887,11.0286759248067,143,257,5,191,0
3814808500.69917,168.817664146423,2.81362773577372,0.0468937955962287,7.45469355012016e-05,-240.344107174372,12.6108792589741,13.0561588726003,12.4281278932404,0.0408598147008686,-0.0110224351554037,0.0149186897727324,12.5195035761072,9.71485592443536,152,257,5,192,0
3814808500.77410,168.89258980751,2.81487649679184,0.046914608279864,7.25009515410213e-06,-240.334647841006,16.4346455220801,25.7246545855768,14.2038665699868,-0.455457907221639,-0.75644698102323,-0.605952444122435,15.3192560460335,11.8874014813793,217,332,5,193,0
3814808501.08721,169.205706596375,2.82009510993958,0.0470015851656596,-3.63351596536155e-06,-240.33953902651,17.7045928075463,19.4792915374388,17.7295799319371,-0.14745079391497,-0.173512937628056,-0.160481865771513,17.7170863697417,13.7480644049895,148,259,5,194,0
3814808501.31500,169.433491230011,2.82389152050018,0.0470648586750031,4.39846225005916e-05,-240.337887832242,12.7463667691785,13.8513209484613,12.852619863189,0.279861074276071,0.121540772128255,0.200700923202163,12.7994933161837,9.93212172644001,148,254,5,195,0
3814808501.58533,169.70382475853,2.82839707930883,0.0471399513218138,-1.13751124861453e-05,-240.325427289105,15.3980042229047,17.4703861890088,15.3570433776797,-0.278102069207734,-0.252780505481131,-0.265441287344433,15.3775238002922,11.9326159608691,167,280,5,196,0
3814808501.74295,169.861444950104,2.83102408250173,0.0471837347083622,1.80998776493006e-05,-240.30550627056,7.11188450832505,7.62682556337567,7.06327776405848,0.0347300222469255,-0.135786264728993,-0.0505281212410339,7.08758113619176,5.49980509788378,175,286,5,197,0
3814808502.15144,170.269935846329,2.83783226410548,0.047297204401758,0.000672760209456331,-240.175324279913,9.14559162747097,10.2591445907023,9.05553639857033,-0.111982190418838,-0.149529518856146,-0.130755854637492,9.10056401302065,7.06183497453714,145,251,5,198,0
3814808502.20558,170.324070453644,2.83873450756073,0.0473122417926788,7.93323746914604e-07,-240.298850415037,8.67427677533951,9.56712580807649,8.49647958271694,0.0200632169989758,-0.0534660051076417,-0.0167013940543329,8.58537817902823,6.66206224224621,178,286,5,199,0
3814808502.39843,170.516924142838,2.84194873571396,0.0473658122618993,5.65809423991181e-05,-240.289759716599,14.1346802056971,15.3774918308104,14.2299629249217,-0.212502594253932,-0.26210370488974,-0.237303149571836,14.1823215653094,11.005165647617,139,245,5,200,0
3814808504.19419,172.312679767609,2.87187799612681,0.0478646332687802,1.64258453700737e-05,-240.219794284381,3.93250357301751,4.29946373800446,3.1599184244688,0.0437338944695795,0.0475193548243049,0.0456266246469422,3.54621099874316,2.7517807492132,169,274,5,201,0
3814808505.92231,174.040806055069,2.90068010091782,0.0483446683486303,-0.000578867080204037,-240.01178359059,14.3343972133635,15.5496218534164,13.8253278066944,-0.254417757884801,-0.252537431884657,-0.253477594884729,14.0798625100289,10.9256597028203,154,262,5,202,0
3814808506.13752,174.256008148193,2.90426680246989,0.0484044467078315,5.26885090011812e-05,-240.146366469836,14.9620885704321,16.9539632105984,15.0313152484525,-0.304813901224197,-0.341473835774264,-0.32314386849923,14.9967019094423,11.6371066557287,163,276,5,203,0
3814808506.30593,174.424427032471,2.90707378387451,0.0484512297312419,-1.8828352138287e-05,-240.159083510089,13.4953501306977,14.7451141280111,13.4694268578317,0.0733555328853354,0.0354797533397328,0.0544176431125341,13.4823884942647,10.4620331743036,160,274,5,204,0
3814808506.68678,174.805274486542,2.91342124144236,0.048557020690706,4.45408613398938e-06,-240.161234066472,15.784690740622,17.5153660019562,15.6429027158142,-0.242176133438908,-0.391250679793713,-0.31671340661631,15.7137967282181,12.1935562630327,182,301,5,205,0
3814808507.10141,175.219903230667,2.92033172051112,0.048672195341852,9.03803070774041e-05,-240.148920903207,8.04234739269181,8.77811421551075,7.92744153202276,0.144844011989993,0.187020186600153,0.165932099295073,7.98489446235728,6.19610025286184,155,260,5,206,0
3814808508.19326,176.311757326126,2.93852928876877,0.0489754881461461,8.10713120850911e-05,-240.047408311499,14.1481684273828,15.9162655770126,14.0544356808757,-0.169773932001677,-0.271491280364963,-0.22063260618332,14.1013020541292,10.9422963115128,171,284,5,207,0
3814808508.25866,176.377152919769,2.93961921532949,0.0489936535888248,-1.54758470723125e-05,-240.015942828029,15.5458518092204,17.3792779351014,15.3201038549182,-0.405726514291972,-0.419023327175159,-0.412374920733566,15.4329778320693,11.975647054384,158,266,5,208,0
3814808508.82158,176.940072059631,2.94900120099386,0.0491500200165643,-0.000101746977596307,-239.86062733222,14.1799291304094,15.7276821866043,14.0362303366709,0.161240105516467,0.170847562307145,0.166043833911806,14.1080797335402,10.9475556397744,179,294,5,209,0
3814808508.92446,177.042952060699,2.95071586767832,0.0491785977946387,4.6890378395041e-05,-239.849211463335,16.7613852311693,18.7166798504051,16.851891752568,0.0494131269827211,-0.0571487250629304,-0.00386779904010468,16.8066384918686,13.0415771304361,167,281,5,210,0
3814808509.02125,177.139741182327,2.95232901970545,0.0492054836617576,-4.6344840138979e-05,-239.828486492781,15.6813313228755,17.5836907874192,15.5329281205312,-0.0934690126666384,0.0386158401140472,-0.0274265862762956,15.6071297217033,12.1107850418032,170,277,5,211,0
3814808509.33384,177.452330827713,2.95753884712855,0.0492923141188092,6.99481287955133e-05,-239.728234368712,16.7501794798356,18.8450475729277,16.7593927320548,-0.0309966800722224,0.0384777595560306,0.00374053974190414,16.7547861059452,13.0013408338831,186,304,5,212,0
3814808509.76907,177.887560129166,2.96479266881943,0.0494132111469905,8.32339287349147e-06,-239.620613710737,14.2476199128948,16.0912090870533,14.2868836957633,-0.252772361017343,-0.190417099754606,-0.221594730385974,14.267251804329,11.0710696214198,173,286,5,213,0
3814808509.94033,178.058822393417,2.96764703989029,0.0494607839981715,9.56291741564368e-05,-239.528563179511,14.7285880472804,16.3206539900134,14.7439279376051,-0.343282886004862,-0.343993244400119,-0.343638065202491,14.7362579924428,11.4350079770818,172,277,5,214,0
3814808509.98256,178.101056098938,2.9683509349823,0.0494725155830383,-0.0136172988398834,-237.500168527643,5.68696978895594,5.89172686627205,5.89172686627205,2.27008832861325,0,1.13504416430662,5.78934832761399,4.4924053543526,165,192,5,215,0
3814808510.85743,178.975922107697,2.98293203512828,0.0497155339188046,5.49242068779203e-05,-238.844662996482,13.2377388398644,14.9483622263679,13.297331841713,-0.286735558433308,-0.350656376603519,-0.318695967518413,13.2675353407887,10.2953119126944,174,294,5,216,0
3814808511.51673,179.635218858719,2.99392031431198,0.0498986719051997,-0.000102461984002721,-238.626953064609,4.34610199151494,4.15836509580299,4.07924779051684,0.0986846772723571,0.045117863191201,0.071901270231779,4.21267489101589,3.2689418852685,166,252,5,217,0
3814808511.78853,179.907023906708,2.99845039844513,0.0499741733074188,-6.09518676548237e-05,-238.62336013709,7.50217200257139,8.46427923392176,7.5677038923362,0.0384677401941631,0.0436182525222586,0.0410429963582108,7.5349379474538,5.84694401931191,180,291,5,218,0
3814808512.37922,180.497712612152,3.00829521020253,0.0501382535033756,2.35042421881002e-05,-238.557265335014,14.0546105295796,15.7053133213996,14.0662760453882,-0.244945975083222,-0.326087300539616,-0.285516637811419,14.0604432874839,10.9105908186555,173,291,5,219,0
3814808512.87775,180.996238231659,3.01660397052765,0.0502767328421275,8.68655548314534e-05,-238.415214377155,14.683029447283,16.4273025017864,14.5231092610382,-0.198662629205539,-0.282433577276017,-0.240548103240778,14.6030693541606,11.331656560325,173,286,5,220,0
3814808513.03898,181.157474040985,3.01929123401642,0.0503215205669403,1.78143417736218e-05,-238.36535410036,7.00624264829278,7.7011702796307,7.04054354765214,0.114610413920726,-0.00883252615956826,0.0528889438805788,7.02339309797246,5.44999660990485,156,256,5,221,0
3814808513.41546,181.53395318985,3.0255658864975,0.0504260981082916,1.13005214757061e-05,-238.353272604661,12.5158305404059,13.6170489464336,12.5815400096585,0.0632951678316889,0.0736502075748651,0.068472687703277,12.5486852750322,9.73750027282851,167,280,5,223,0
3814808513.60365,181.722137928009,3.02870229880015,0.0504783716466692,3.08609337378113e-06,-238.340016826265,17.0857260127338,18.8116231597425,16.9752365652475,-0.218581184226297,-0.189715874648281,-0.204148529437289,17.0304812889907,13.2152741552857,168,285,5,224,0
3814808515.31964,183.438127756119,3.05730212926865,0.0509550354878108,-0.000105113184025887,-238.137241488522,11.3801255942622,12.2879970955391,11.3852042797274,-0.131558895321405,-0.169429150260113,-0.150494022790759,11.3826649369948,8.83269446162901,151,258,5,225,0
3814808516.29112,184.409611225128,3.0734935204188,0.05122489200698,5.5136165768197e-05,-237.980044912318,14.3090758087435,15.6401719094019,14.1522756638571,-0.0190844340724998,0.00685443034894987,-0.00611500186177496,14.2306757363003,11.0426874072991,166,281,5,226,0
3814808517.03399,185.152478933334,3.08587464888891,0.0514312441481484,2.66869159009142e-07,-237.721870354586,15.7089111785999,17.3823288570737,15.7257511843918,-0.0807760247623399,0.0290620687546257,-0.0258569780038571,15.7173311814958,12.1962989200523,162,277,5,227,0
3814808517.55912,185.677616357803,3.09462693929672,0.0515771156549454,6.36014483806218e-05,-239.832377221053,14.0226891314729,14.9867170756204,14.0180567272439,-0.139512514155388,-0.351104096267768,-0.245308305211578,14.0203729293584,10.8794971132491,155,268,5,229,0
3814808517.75249,185.870980978012,3.09784968296687,0.0516308280494478,4.34642011875604e-05,-239.824243285518,14.2559890345651,16.0171127011102,14.3440608476149,-0.292475169066667,-0.167751185674809,-0.230113177370738,14.30002494109,11.0965008455805,177,292,5,230,0
3814808517.94703,186.065518140793,3.10109196901321,0.0516848661502202,1.39094283500464e-05,-239.819851330684,14.7431711124811,16.0719421055381,14.4962844092744,-0.094226932682431,-0.142134709406519,-0.118180821044475,14.6197277608777,11.3445831128998,159,275,5,231,0
3814808525.76182,193.880307435989,3.23133845726649,0.0538556409544415,5.77866103375007e-05,-241.945218833933,14.8326010524052,16.3335342785408,14.8776935645723,-0.178469100648734,-0.23235028731448,-0.205409693981607,14.8551473084888,11.5272634382764,138,242,5,233,0
3814808525.83758,193.956075668335,3.23260126113892,0.0538766876856486,0.000136173630063483,-241.870427878149,13.8098020899772,14.9717403122989,13.7582648932048,0.236616686131392,0.0702209610366247,0.153418823584008,13.784033491591,10.6961029736001,140,246,5,234,0
3814808527.33646,195.454956054688,3.25758260091146,0.0542930433485243,-1.04600123508376e-05,-241.455308181596,15.2249735431177,16.9100043147346,15.3076490034143,-0.269386433479245,-0.447541267520288,-0.358463850499767,15.266311273266,11.8463175169664,143,252,5,235,0
3814808527.43725,195.555747032166,3.25926245053609,0.0543210408422682,-4.76751909001971e-05,-241.439902205559,14.2866882722516,15.1995775435114,14.4111277271388,-0.199348880164942,-0.0548487394658699,-0.127098809815406,14.3489079996952,11.1344330102712,130,235,5,236,0
3814808528.16561,196.284103870392,3.2714017311732,0.05452336218622,-0.000173046644806324,-241.151327276721,13.2906917795195,13.6999679708854,13.459764895198,-0.302519565122342,-0.202144375366514,-0.252331970244428,13.3752283373587,10.3788792793546,157,275,5,237,0
3814808528.79301,196.911505699158,3.2818584283193,0.0546976404719883,6.43691109494632e-05,-240.895416124574,13.5939544867946,13.7321327334339,13.5710125481793,0.161093355574786,-0.0126093969772358,0.0742419792987751,13.582483517487,10.5397046828779,153,264,5,238,0
3814808531.09965,199.218138694763,3.32030231157939,0.0553383718596564,0.000419026875289588,-240.732391949129,7.17978029495211,7.66834079519396,7.17739880638707,0.210688427820162,0.0825493623334767,0.146618895076819,7.17858955066959,5.57042560046111,144,250,5,239,0
3814808532.50384,200.622335195541,3.34370558659236,0.0557284264432059,-6.14383098088825e-05,-240.356245548026,13.5390949110638,14.8488174609061,13.6611459887816,-0.291980069989807,-0.199908522152312,-0.245944296071059,13.6001204499227,10.5533905496154,150,256,5,241,0
3814808532.73359,200.852077722549,3.34753462870916,0.0557922438118193,7.14383713696554e-05,-240.377846661113,13.9972845234626,15.0300986459591,13.9562162073058,0.149376817109675,0.0954056705039953,0.122391243806835,13.9767503653842,10.8456469752235,151,261,5,242,0
3814808533.23661,201.355104207993,3.35591840346654,0.055931973391109,1.98995975577901e-05,-240.391369053358,12.0526803584175,12.8854110970722,12.0133139455254,0.149089480037191,0.16210516667842,0.155597323357806,12.0329971519715,9.33733777540818,148,252,5,243,0
3814808534.72209,202.840579748154,3.38067632913589,0.0563446054855982,5.29255720514009e-05,-240.455196243006,9.00105608772806,9.86077473188611,8.95075398865356,-0.0132936920342701,0.0909559164382419,0.0388311122019859,8.97590503819081,6.96510238663558,165,277,5,244,0
3814808534.86132,202.979807853699,3.38299679756165,0.0563832799593608,4.34641858415721e-05,-240.337144204198,14.8071729438827,16.3665559605499,14.8608696223619,-0.208698255063078,-0.100243600729746,-0.154470927896412,14.8340212831223,11.5108701131383,159,267,5,245,0
3814808535.05406,203.172550201416,3.3862091700236,0.0564368195003933,0.000102058775856964,-240.222215778242,8.14001742751293,8.27817201867866,8.04590290892118,-0.0438661577116952,0.117943905086542,0.0370388736874234,8.09296016821706,6.27995683362944,164,281,5,246,0
3814808535.81519,203.933680534363,3.39889467557271,0.0566482445928786,0.000164382839426553,-240.112958938569,7.47622774528897,7.80683887209934,7.4315451139655,0.0126566456984441,0.0979335082042966,0.0552950769513703,7.45388642962723,5.78404984676304,151,254,5,247,0
3814808536.08721,204.205703258514,3.40342838764191,0.0567238064606984,-0.00010663846065587,-240.191477622707,13.8105576700591,14.8724722445097,13.7133338156064,-0.0115100915812476,-0.0332713427864025,-0.0223907171838251,13.7619457428327,10.6789633725307,152,260,5,248,0
3814808536.33092,204.449417352676,3.40749028921127,0.0567915048201879,3.6093467689056e-06,-240.538583469443,13.9594755849003,14.8892990750699,13.803593684939,0.035660716924101,-0.0560106811258569,-0.0101749821008779,13.8815346349197,10.7717616891513,150,260,5,249,0
3814808537.38482,205.50331401825,3.42505523363749,0.0570842538939582,9.52200635213009e-05,-240.123553274893,14.1587915150896,15.4308680776526,14.2898453051803,-0.187718760556317,-0.305490379431797,-0.246604569994057,14.224318410135,11.0377542637934,151,258,5,250,0
3814808538.01209,206.130585432053,3.43550975720088,0.0572584959533479,0.000105175390824286,-240.179501937234,8.6554824282157,9.04057733440606,8.56839921285887,0.0657301199512881,0.0444929141562363,0.0551115170537622,8.61194082053728,6.68267426041963,151,255,5,251,0
3814808539.54770,207.666188001633,3.46110313336054,0.0576850522226757,0.000264978885836981,-240.293398084725,19.4588611027037,20.6342149938152,19.3265774449128,-0.196336348758658,-0.0469089667640367,-0.121622657761348,19.3927192738083,15.0483182166755,193,316,5,252,0
3814808541.01300,209.131494283676,3.48552490472794,0.0580920817454656,-0.000173111789537559,-240.162712405736,13.5771536330218,14.6365255144376,13.6270790447049,-0.2029519265654,-0.190154067480944,-0.196552997023172,13.6021163388633,10.5549393149783,150,259,5,253,0
3814808541.41491,209.533398151398,3.49222330252329,0.0582037217087216,0.000134674211783419,-239.991501806787,13.7249041822589,14.619203731187,13.8425601914701,-0.144627173492007,-0.169552946384365,-0.157090059938186,13.7837321868645,10.6958691678434,174,294,5,254,0
3814808556.19026,224.308751821518,3.7384791970253,0.0623079866170883,0.000234457642554218,-241.437156983828,13.9120099964987,14.139595457046,13.8797719613542,0.0339263940378041,0.0146553466762556,0.0242908703570298,13.8958909789265,10.7829018923374,184,304,5,256,0
3814808556.34612,224.464614391327,3.74107690652212,0.0623512817753686,3.45223314187181e-05,-241.328861473448,17.4575456669707,20.1371983696973,17.3259265040411,-0.503778082251253,-0.419638424929585,-0.461708253590419,17.3917360855059,13.4955998310461,196,319,5,257,0
3814808557.11848,225.236974954605,3.75394958257675,0.0625658263762792,0.000191372529298115,-240.717909271844,14.7841325023936,16.6977099615537,14.7789247519613,-0.375950369143271,-0.284911457058264,-0.330430913100767,14.7815286271775,11.4701369813096,169,283,5,258,0
3814808557.16388,225.2823741436,3.75470623572667,0.0625784372621112,0.000117600419129976,-240.679960570878,9.90072515908402,10.7564223225862,9.79335050556729,0.0767794434768004,0.172085389737353,0.124432416607077,9.84703783232565,7.6410820318846,152,252,5,259,0
3814808557.41935,225.537842035294,3.75896403392156,0.0626494005653593,0.000129399270483593,-240.520245885099,12.8288670660308,14.6832414171967,12.813383741493,-0.136597931171072,-0.273219109643571,-0.204908520407322,12.8211254037619,9.94890774458274,172,285,5,260,0
3814808557.66089,225.779382944107,3.76298971573512,0.062716495262252,-2.44373606017947e-05,-240.413238791789,8.07823752424924,9.0980547598377,11.7524892996168,0.0233533634448424,0.0604849176064993,0.0419191405256708,9.91536341193304,7.69410115982399,401,540,5,261,0
3814808558.75956,226.87805223465,3.78130087057749,0.0630216811762916,8.25152919215061e-05,-240.093957643596,15.2724713280806,15.3400939860975,15.2716646722798,-0.250145090468269,-0.0779327558617391,-0.164038923165004,15.2720680001802,11.8507846088305,161,277,5,262,0
3814808559.13027,227.24876499176,3.78747941652934,0.0631246569421556,4.66025683554478e-05,-239.985411499725,9.39327595915712,10.1823415916022,9.46322298063458,0.199537089712046,0.219452530262991,0.209494809987518,9.42824946989585,7.31611159043673,175,293,5,263,0
3814808559.54403,227.662526607513,3.79437544345856,0.0632395907243093,7.55522456212381e-05,-239.879551927314,14.2678852007131,16.0488539349593,14.2092554449957,-0.181080104303028,-0.314833828863245,-0.247956966583137,14.2385703228544,11.0488134306266,186,305,5,264,0
3814808560.00247,228.120966911316,3.8020161151886,0.0633669352531433,-1.02603248177333e-06,-239.770593930296,13.8413975519252,15.6159517617819,13.79586718024,-0.0893885648601302,-0.189142282548868,-0.139265423704499,13.8186323660826,10.7229509295746,225,355,5,265,0
3814808562.42186,230.540348529816,3.84233914216359,0.0640389857027266,6.7487245761338e-05,-239.358639233963,14.7542758808419,16.5832014356754,14.7398979198688,-0.248739466368426,-0.359725026853914,-0.30423224661117,14.7470869003553,11.4434109684265,216,346,5,266,0
3814808562.78041,230.898898363113,3.84831497271856,0.0641385828786426,1.5810233296254e-05,-239.342169531004,8.36790960797729,9.6450643092528,8.30511721161967,-0.0244048714099875,-0.103463208612082,-0.0639340400110347,8.33651340979848,6.46894872436289,269,399,5,268,0
3814808563.14236,231.260854959488,3.85434758265813,0.0642391263776355,-3.09452785363635e-05,-239.294022540317,14.9518600990741,16.9467864763224,14.8665322867688,-0.228994448959671,-0.224736997320343,-0.226865723140007,14.9091961929215,11.5692041687493,231,358,5,269,0
3814808563.95490,232.073396921158,3.86788994868596,0.0644648324780994,-5.23838945311267e-05,-239.19645516705,15.0466679145907,16.805390974667,15.0012147659508,-0.254227643370741,-0.259605543692152,-0.256916593531446,15.0239413402708,11.6582438473396,226,357,5,270,0
3814808564.53998,232.65847158432,3.877641193072,0.0646273532178667,-2.00823723876319e-06,-239.140873837601,13.3282647740361,15.0396128760601,13.4069185479887,-0.265118893375183,-0.170969521431216,-0.218044207403199,13.3675916610124,10.3729533886038,224,350,5,271,0
3814808567.50284,235.621336460114,3.92702227433523,0.0654503712389204,-9.18070278995559e-05,-238.857968996626,14.8390451476729,16.3320217264186,14.9418009581113,-0.278916091790479,-0.0555103388046873,-0.167213215297583,14.8904230528921,11.5546366302263,211,341,5,272,0
3814808569.13867,237.257159471512,3.95428599119186,0.0659047665198644,-4.22565411449987e-05,-238.840718405853,5.40954249968169,6.00659604277976,5.5056095213509,0.0509865218799086,0.0371045429400031,0.0440455324099558,5.45757601051629,4.23495742594821,199,318,5,273,0
3814808569.26643,237.384926795959,3.95641544659932,0.0659402574433221,2.0529705984256e-05,-238.794550096497,14.271279566891,16.2614798258753,14.4109448844721,-0.110333968022247,-0.201580194985779,-0.155957081504013,14.3411122256815,11.1283836632742,321,478,5,274,0
3814808569.51011,237.628602027893,3.96047670046488,0.0660079450077481,0.000156993706397606,-238.762846886617,17.3744040801321,19.4476322838592,17.3165056363977,-0.0484202736887838,-0.104882453556711,-0.0766513636227474,17.3454548582649,13.4596866295426,271,411,5,275,0
3814808569.91955,238.038041591644,3.96730069319407,0.0661216782199012,0.00105332177126631,-238.516370826496,16.5086461651383,18.2173886251687,16.2390706410304,0.181626247461032,0.120270435978889,0.150948341719961,16.3738584030844,12.7057494209791,214,338,5,277,0
3814808571.25687,239.3753657341,3.98958942890167,0.0664931571483612,-2.17188843791558e-05,-238.69959315666,14.8018399971775,16.451531446123,14.7635692721512,-0.287853598025201,-0.309506955521039,-0.29868027677312,14.7827046346643,11.4710495369259,232,368,5,278,0
3814808571.71079,239.829280376434,3.99715467294057,0.0666192445490095,2.21078017836573e-05,-238.667787940731,13.5342687696331,15.5562164327223,13.6100297721355,-0.166634312352059,-0.17895054211095,-0.172792427231505,13.5721492708843,10.531685537692,260,397,5,279,0
3814808571.84936,239.967855453491,3.99946425755819,0.0666577376259698,3.57908172179469e-05,-238.662458249393,13.6529824635761,15.676205926225,13.5513753174361,-0.221997760719479,-0.193593710610147,-0.207795735664813,13.6021788905061,10.5549878536598,279,426,5,280,0
3814808572.31068,240.429172039032,4.0071528673172,0.0667858811219533,-2.55644545345067e-05,-238.599888739426,15.4470303201979,17.5252967461072,15.4529769402329,-0.24236822690826,-0.153432066921556,-0.197900146914908,15.4500036302154,11.9888586945247,254,395,5,281,0
3814808573.77618,241.894672870636,4.03157788117727,0.0671929646862878,3.06085107865721e-05,-238.507587209645,12.4093320741317,13.8629568719674,12.4056478842338,0.120899938983321,0.134962983107191,0.127931461045256,12.4074899791827,9.62793586813408,249,376,5,282,0
3814808574.11576,242.234256982803,4.03723761638006,0.0672872936063343,1.91563111891456e-05,-238.482821495494,14.0248079762404,15.6760326183065,14.0794524111338,-0.44470859656684,-0.485147334266132,-0.464927965416486,14.0521301936871,10.9041400430292,238,375,5,283,0
3814808574.24630,242.364789009094,4.03941315015157,0.0673235525025262,-0.000467178050456678,-238.375507145657,7.19391761166173,7.98125485970564,7.14821405735905,0.201014198529864,0.083292060595237,0.142153129562551,7.17106583451039,5.56458736429954,223,340,5,284,0
3814808575.10222,243.220713853836,4.0536785642306,0.0675613094038433,-1.89427369304472e-06,-238.447786516588,15.1315471024464,17.3276200119747,15.210237352746,-0.343509950195645,-0.435935598473197,-0.389722774334421,15.1708922275962,11.7722744628234,278,421,5,285,0
3814808576.10659,244.225077152252,4.07041795253754,0.0678402992089589,0.000134591849241178,-238.365510102202,14.3297640823899,16.414900206879,14.4051027589222,-0.0906631040703587,-0.0248643375963864,-0.0577637208333726,14.367433420656,11.1488083243146,352,514,5,286,0
3814808576.60941,244.727903604507,4.07879839340846,0.0679799732234743,2.72606082383431e-05,-238.408705487533,11.9680556102965,13.4275140708959,11.891057630211,0.0133465892109193,0.0804127520599126,0.0468796706354159,11.9295566202537,9.25707022675692,279,429,5,287,0
3814808578.42199,246.540481090546,4.10900801817576,0.068483466969596,2.2667364473732e-05,-238.435366360474,15.4347149000155,17.4213487116802,15.4655807863203,-0.188127228367357,-0.196298504493683,-0.19221286643052,15.4501478431679,11.9889706005637,270,410,5,288,0
3814808578.49021,246.608706474304,4.11014510790507,0.0685024184650845,-0.0183759239535537,-234.387520093759,9.25905432629733,9.77411700929396,9.77411700929396,4.42129669437424,0,2.21064834718712,9.51658566779564,7.38465851246858,280,284,5,289,0
3814808578.63985,246.75834441185,4.11263907353083,0.0685439845588472,8.84852353337986e-05,-238.421750618672,13.7931578960433,15.1009479465664,13.7472622915122,-0.246042970889956,-0.320671723602901,-0.283357347246429,13.7702100937778,10.6853763247897,244,380,5,290,0
3814808578.90599,247.024484634399,4.11707474390666,0.0686179123984443,-4.31683783487212e-05,-238.444846407914,15.6544523335439,17.8304935389002,15.5912606258844,-0.407273829550279,-0.334036670456277,-0.370655250003278,15.6228564797142,12.1229886557328,296,440,5,291,0
3814808579.34678,247.465274095535,4.12442123492559,0.0687403539154265,4.3324223950577e-06,-238.446063261714,15.1534358541174,17.43889096584,15.1452263807549,-0.248824420344238,-0.151780606847992,-0.200302513596115,15.1493311174361,11.7555435215762,319,471,5,292,0
3814808580.04839,248.166883230209,4.13611472050349,0.0689352453417248,2.09231015011835e-05,-238.447802626036,14.7532664532833,16.6252635437312,14.7719496403136,-0.216005198971062,-0.230631742205192,-0.223318470588127,14.7626080467985,11.4554550323592,268,410,5,293,0
3814808584.28968,252.408174037933,4.20680290063222,0.0701133816772037,-0.000154085338247107,-238.199323985174,7.25783455155381,8.22089467964146,7.31608676517246,0.157394692207917,0.141130134886994,0.149262413547456,7.28696065836314,5.65451916624942,291,425,5,296,0
3814808584.50724,252.625730037689,4.21042883396149,0.0701738138993581,-0.000269823856841791,-238.309222091832,11.4527372623999,12.5401152144295,11.4355369254949,0.0439658045426626,-0.0627541268848792,-0.00939416117110829,11.4441370939474,8.88039548623655,264,404,5,297,0
3814808585.23609,253.354581356049,4.22257635593414,0.0703762725989024,3.98242276747275e-05,-238.413745744896,14.5443902746943,16.1942958348838,14.6661000604539,-0.293230124119035,-0.294364127254392,-0.293797125686713,14.6052451675741,11.3333449430713,283,430,5,298,0
3814808587.55704,255.675527334213,4.26125878890355,0.0710209798150592,-0.000440070407126911,-234.324056299807,17.3337197381719,19.5600962213715,16.9692568668746,0.0558549118186782,0.131243483989808,0.0935491979042432,17.1514883025233,13.3091729025618,312,469,5,299,0
3814808590.01211,258.130603313446,4.30217672189077,0.0717029453648461,1.54368351445926e-05,-234.457509457729,10.7502805553268,11.8927951647248,10.7486919257702,-0.0603470081384604,0.0525006846022592,-0.00392316176810058,10.7494862405485,8.34136189616393,263,396,5,300,0
3814808594.15010,262.26859331131,4.37114322185516,0.0728523870309194,6.17431949171727e-05,-234.209534120578,15.5967361217429,17.7541447125119,15.6541744760986,0.0497818793530949,-0.208843342579122,-0.0795307316130135,15.6254552989208,12.1250052815529,326,479,5,301,0
3814808594.34029,262.458777666092,4.37431296110153,0.0729052160183589,1.99131538962718e-05,-234.205766336821,6.44854359788238,7.07553380007149,6.38216837348203,0.0307770979543992,-0.0513833691108388,-0.0103031355782198,6.4153559856822,4.97817335375892,264,390,5,302,0
3814808595.04417,263.162666559219,4.38604444265366,0.0731007407108943,-3.9230089047627e-05,-234.257398571974,4.19351729609608,4.6441469809503,4.1623371336602,-0.00562268988850291,0.0690919763355821,0.0317346432235396,4.17792721487814,3.24197846253093,254,378,5,303,0
3814808596.34054,264.459030151367,4.40765050252279,0.0734608417087131,3.41878642430847e-05,-234.259508982773,23.4827167825181,20.8593588351822,20.8593588351822,-6.6379389225517,0,-3.31896946127585,22.1710378088501,17.2042315175535,284,440,5,304,0
